item_id,timestamp,target_value
m4_weekly_dataset_11,2001-05-27,1450.67
m4_weekly_dataset_11,2001-06-03,1228.98
m4_weekly_dataset_11,2001-06-10,1069.18
m4_weekly_dataset_11,2001-06-17,1279.67
m4_weekly_dataset_11,2001-06-24,1309.94
m4_weekly_dataset_11,2001-07-01,1268.79
m4_weekly_dataset_11,2001-07-08,1268.3
m4_weekly_dataset_11,2001-07-15,1399.38
m4_weekly_dataset_11,2001-07-22,1448.36
m4_weekly_dataset_11,2001-07-29,1418.19
m4_weekly_dataset_11,2001-08-05,1190.2
m4_weekly_dataset_11,2001-08-12,1460.3
m4_weekly_dataset_11,2001-08-19,1409.75
m4_weekly_dataset_11,2001-08-26,1056.07
m4_weekly_dataset_11,2001-09-02,1336.0
m4_weekly_dataset_11,2001-09-09,1170.43
m4_weekly_dataset_11,2001-09-16,1280.23
m4_weekly_dataset_11,2001-09-23,1199.44
m4_weekly_dataset_11,2001-09-30,1199.48
m4_weekly_dataset_11,2001-10-07,1209.53
m4_weekly_dataset_11,2001-10-14,1389.87
m4_weekly_dataset_11,2001-10-21,1390.32
m4_weekly_dataset_11,2001-10-28,1290.2
m4_weekly_dataset_11,2001-11-04,1250.12
m4_weekly_dataset_11,2001-11-11,1250.2
m4_weekly_dataset_11,2001-11-18,1429.63
m4_weekly_dataset_11,2001-11-25,1520.01
m4_weekly_dataset_11,2001-12-02,1480.65
m4_weekly_dataset_11,2001-12-09,1469.56
m4_weekly_dataset_11,2001-12-16,1669.54
m4_weekly_dataset_11,2001-12-23,1490.18
m4_weekly_dataset_11,2001-12-30,1439.9
m4_weekly_dataset_11,2002-01-06,1410.42
m4_weekly_dataset_11,2002-01-13,1590.71
m4_weekly_dataset_11,2002-01-20,1520.43
m4_weekly_dataset_11,2002-01-27,1479.91
m4_weekly_dataset_11,2002-02-03,1429.32
m4_weekly_dataset_11,2002-02-10,1529.55
m4_weekly_dataset_11,2002-02-17,1469.88
m4_weekly_dataset_11,2002-02-24,1450.71
m4_weekly_dataset_11,2002-03-03,1401.04
m4_weekly_dataset_11,2002-03-10,1250.54
m4_weekly_dataset_11,2002-03-17,1490.04
m4_weekly_dataset_11,2002-03-24,1401.04
m4_weekly_dataset_11,2002-03-31,1401.11
m4_weekly_dataset_11,2002-04-07,1430.29
m4_weekly_dataset_11,2002-04-14,1430.46
m4_weekly_dataset_11,2002-04-21,1460.67
m4_weekly_dataset_11,2002-04-28,1640.18
m4_weekly_dataset_11,2002-05-05,1489.7
m4_weekly_dataset_11,2002-05-12,1489.72
m4_weekly_dataset_11,2002-05-19,1619.88
m4_weekly_dataset_11,2002-05-26,1619.88
m4_weekly_dataset_11,2002-06-02,1050.36
m4_weekly_dataset_11,2002-06-09,1120.09
m4_weekly_dataset_11,2002-06-16,1460.35
m4_weekly_dataset_11,2002-06-23,1311.13
m4_weekly_dataset_11,2002-06-30,1280.96
m4_weekly_dataset_11,2002-07-07,1250.52
m4_weekly_dataset_11,2002-07-14,1219.56
m4_weekly_dataset_11,2002-07-21,1520.03
m4_weekly_dataset_11,2002-07-28,1361.01
m4_weekly_dataset_11,2002-08-04,1320.22
m4_weekly_dataset_11,2002-08-11,1370.08
m4_weekly_dataset_11,2002-08-18,1408.71
m4_weekly_dataset_11,2002-08-25,1367.7
m4_weekly_dataset_11,2002-09-01,1298.64
m4_weekly_dataset_11,2002-09-08,1401.15
m4_weekly_dataset_11,2002-09-15,1471.56
m4_weekly_dataset_11,2002-09-22,1528.12
m4_weekly_dataset_11,2002-09-29,1356.08
m4_weekly_dataset_11,2002-10-06,1375.33
m4_weekly_dataset_11,2002-10-13,1440.8
m4_weekly_dataset_11,2002-10-20,1403.4
m4_weekly_dataset_11,2002-10-27,1367.28
m4_weekly_dataset_11,2002-11-03,1427.83
m4_weekly_dataset_11,2002-11-10,1420.2
m4_weekly_dataset_11,2002-11-17,1729.61
m4_weekly_dataset_11,2002-11-24,1570.01
m4_weekly_dataset_11,2002-12-01,1570.02
m4_weekly_dataset_11,2002-12-08,1520.04
m4_weekly_dataset_11,2002-12-15,1709.99
m4_weekly_dataset_11,2002-12-22,1630.01
m4_weekly_dataset_11,2002-12-29,1560.02
m4_weekly_dataset_11,2003-01-05,1650.02
m4_weekly_dataset_11,2003-01-12,1669.99
m4_weekly_dataset_11,2003-01-19,1809.99
m4_weekly_dataset_11,2003-01-26,1760.01
m4_weekly_dataset_11,2003-02-02,1710.02
m4_weekly_dataset_11,2003-02-09,1670.0
m4_weekly_dataset_11,2003-02-16,1850.02
m4_weekly_dataset_11,2003-02-23,1800.0
m4_weekly_dataset_11,2003-03-02,1750.01
m4_weekly_dataset_11,2003-03-09,1689.98
m4_weekly_dataset_11,2003-03-16,1829.98
m4_weekly_dataset_11,2003-03-23,1800.03
m4_weekly_dataset_11,2003-03-30,1850.0
m4_weekly_dataset_11,2003-04-06,1850.0
m4_weekly_dataset_11,2003-04-13,1979.98
m4_weekly_dataset_11,2003-04-20,2000.0
m4_weekly_dataset_11,2003-04-27,2200.0
m4_weekly_dataset_11,2003-05-04,2189.99
m4_weekly_dataset_11,2003-05-11,2120.0
m4_weekly_dataset_11,2003-05-18,2229.88
m4_weekly_dataset_11,2003-05-25,2029.86
m4_weekly_dataset_11,2003-06-01,1960.0
m4_weekly_dataset_11,2003-06-08,1960.0
m4_weekly_dataset_11,2003-06-15,2050.01
m4_weekly_dataset_11,2003-06-22,1880.0
m4_weekly_dataset_11,2003-06-29,1840.0
m4_weekly_dataset_11,2003-07-06,1653.07
m4_weekly_dataset_11,2003-07-13,2203.05
m4_weekly_dataset_11,2003-07-20,1820.0
m4_weekly_dataset_11,2003-07-27,1699.99
m4_weekly_dataset_11,2003-08-03,1940.0
m4_weekly_dataset_11,2003-08-10,1860.0
m4_weekly_dataset_11,2003-08-17,1849.99
m4_weekly_dataset_11,2003-08-24,1679.84
m4_weekly_dataset_11,2003-08-31,1429.48
m4_weekly_dataset_11,2003-09-07,1969.5
m4_weekly_dataset_11,2003-09-14,1769.99
m4_weekly_dataset_11,2003-09-21,849.95
m4_weekly_dataset_11,2003-09-28,1589.96
m4_weekly_dataset_11,2003-10-05,1509.99
m4_weekly_dataset_11,2003-10-12,1620.02
m4_weekly_dataset_11,2003-10-19,1670.01
m4_weekly_dataset_11,2003-10-26,1650.01
m4_weekly_dataset_11,2003-11-02,1550.0
m4_weekly_dataset_11,2003-11-09,1580.01
m4_weekly_dataset_11,2003-11-16,1760.0
m4_weekly_dataset_11,2003-11-23,1660.0
m4_weekly_dataset_11,2003-11-30,1540.0
m4_weekly_dataset_11,2003-12-07,1520.0
m4_weekly_dataset_11,2003-12-14,1729.99
m4_weekly_dataset_11,2003-12-21,1649.98
m4_weekly_dataset_11,2003-12-28,1620.01
m4_weekly_dataset_11,2004-01-04,1609.98
m4_weekly_dataset_11,2004-01-11,1530.01
m4_weekly_dataset_11,2004-01-18,1529.99
m4_weekly_dataset_11,2004-01-25,1520.0
m4_weekly_dataset_11,2004-02-01,1429.99
m4_weekly_dataset_11,2004-02-08,1320.0
m4_weekly_dataset_11,2004-02-15,1519.99
m4_weekly_dataset_11,2004-02-22,1369.99
m4_weekly_dataset_11,2004-02-29,1165.09
m4_weekly_dataset_11,2004-03-07,1425.1
m4_weekly_dataset_11,2004-03-14,1430.0
m4_weekly_dataset_11,2004-03-21,1270.01
m4_weekly_dataset_11,2004-03-28,1043.68
m4_weekly_dataset_11,2004-04-04,1543.69
m4_weekly_dataset_11,2004-04-11,1330.02
m4_weekly_dataset_11,2004-04-18,880.01
m4_weekly_dataset_11,2004-04-25,1390.01
m4_weekly_dataset_11,2004-05-02,1340.01
m4_weekly_dataset_11,2004-05-09,1230.0
m4_weekly_dataset_11,2004-05-16,1420.0
m4_weekly_dataset_11,2004-05-23,1160.0
m4_weekly_dataset_11,2004-05-30,1140.0
m4_weekly_dataset_11,2004-06-06,1050.0
m4_weekly_dataset_11,2004-06-13,1250.0
m4_weekly_dataset_11,2004-06-20,1410.0
m4_weekly_dataset_11,2004-06-27,1289.98
m4_weekly_dataset_11,2004-07-04,1260.0
m4_weekly_dataset_11,2004-07-11,1070.0
m4_weekly_dataset_11,2004-07-18,1230.01
m4_weekly_dataset_11,2004-07-25,1179.99
m4_weekly_dataset_11,2004-08-01,1080.85
m4_weekly_dataset_11,2004-08-08,1100.87
m4_weekly_dataset_11,2004-08-15,1320.0
m4_weekly_dataset_11,2004-08-22,1179.99
m4_weekly_dataset_11,2004-08-29,1030.0
m4_weekly_dataset_11,2004-09-05,969.99
m4_weekly_dataset_11,2004-09-12,1089.99
m4_weekly_dataset_11,2004-09-19,1090.01
m4_weekly_dataset_11,2004-09-26,1149.23
m4_weekly_dataset_11,2004-10-03,1089.99
m4_weekly_dataset_11,2004-10-10,1130.0
m4_weekly_dataset_11,2004-10-17,1180.02
m4_weekly_dataset_11,2004-10-24,1130.0
m4_weekly_dataset_11,2004-10-31,1069.99
m4_weekly_dataset_11,2004-11-07,1119.99
m4_weekly_dataset_11,2004-11-14,1400.0
m4_weekly_dataset_11,2004-11-21,1270.0
m4_weekly_dataset_11,2004-11-28,1260.0
m4_weekly_dataset_11,2004-12-05,1340.02
m4_weekly_dataset_11,2004-12-12,1490.0
m4_weekly_dataset_11,2004-12-19,1390.01
m4_weekly_dataset_11,2004-12-26,1369.98
m4_weekly_dataset_11,2005-01-02,1339.99
m4_weekly_dataset_11,2005-01-09,1339.99
m4_weekly_dataset_11,2005-01-16,1469.98
m4_weekly_dataset_11,2005-01-23,1410.01
m4_weekly_dataset_11,2005-01-30,1360.02
m4_weekly_dataset_11,2005-02-06,1440.0
m4_weekly_dataset_11,2005-02-13,1490.0
m4_weekly_dataset_11,2005-02-20,1450.0
m4_weekly_dataset_11,2005-02-27,1460.0
m4_weekly_dataset_11,2005-03-06,1419.99
m4_weekly_dataset_11,2005-03-13,1640.0
m4_weekly_dataset_11,2005-03-20,1449.99
m4_weekly_dataset_11,2005-03-27,1439.99
m4_weekly_dataset_11,2005-04-03,1380.0
m4_weekly_dataset_11,2005-04-10,1500.0
m4_weekly_dataset_11,2005-04-17,1609.99
m4_weekly_dataset_11,2005-04-24,1737.91
m4_weekly_dataset_11,2005-05-01,1767.92
m4_weekly_dataset_11,2005-05-08,1685.01
m4_weekly_dataset_11,2005-05-15,1915.01
m4_weekly_dataset_11,2005-05-22,1800.0
m4_weekly_dataset_11,2005-05-29,1740.01
m4_weekly_dataset_11,2005-06-05,1609.99
m4_weekly_dataset_11,2005-06-12,1699.99
m4_weekly_dataset_11,2005-06-19,1740.01
m4_weekly_dataset_11,2005-06-26,1690.0
m4_weekly_dataset_11,2005-07-03,1610.0
m4_weekly_dataset_11,2005-07-10,1700.01
m4_weekly_dataset_11,2005-07-17,1780.01
m4_weekly_dataset_11,2005-07-24,1370.9
m4_weekly_dataset_11,2005-07-31,2250.91
m4_weekly_dataset_11,2005-08-07,1890.01
m4_weekly_dataset_11,2005-08-14,1870.0
m4_weekly_dataset_11,2005-08-21,1749.99
m4_weekly_dataset_11,2005-08-28,1720.0
m4_weekly_dataset_11,2005-09-04,1779.98
m4_weekly_dataset_11,2005-09-11,2019.99
m4_weekly_dataset_11,2005-09-18,1630.01
m4_weekly_dataset_11,2005-09-25,1669.92
m4_weekly_dataset_11,2005-10-02,1730.01
m4_weekly_dataset_11,2005-10-09,1929.98
m4_weekly_dataset_11,2005-10-16,2020.01
m4_weekly_dataset_11,2005-10-23,1783.72
m4_weekly_dataset_11,2005-10-30,2013.72
m4_weekly_dataset_11,2005-11-06,1910.01
m4_weekly_dataset_11,2005-11-13,2120.0
m4_weekly_dataset_11,2005-11-20,2059.99
m4_weekly_dataset_11,2005-11-27,2000.0
m4_weekly_dataset_11,2005-12-04,1989.99
m4_weekly_dataset_11,2005-12-11,2320.02
m4_weekly_dataset_11,2005-12-18,2070.0
m4_weekly_dataset_11,2005-12-25,2170.0
m4_weekly_dataset_11,2006-01-01,2050.0
m4_weekly_dataset_11,2006-01-08,2049.98
m4_weekly_dataset_11,2006-01-15,2190.0
m4_weekly_dataset_11,2006-01-22,2150.0
m4_weekly_dataset_11,2006-01-29,2079.99
m4_weekly_dataset_11,2006-02-05,2180.02
m4_weekly_dataset_11,2006-02-12,2310.01
m4_weekly_dataset_11,2006-02-19,2040.0
m4_weekly_dataset_11,2006-02-26,2050.01
m4_weekly_dataset_11,2006-03-05,1949.99
m4_weekly_dataset_11,2006-03-12,2030.02
m4_weekly_dataset_11,2006-03-19,2070.0
m4_weekly_dataset_11,2006-03-26,2009.99
m4_weekly_dataset_11,2006-04-02,2019.99
m4_weekly_dataset_11,2006-04-09,2170.01
m4_weekly_dataset_11,2006-04-16,2252.92
m4_weekly_dataset_11,2006-04-23,2472.9
m4_weekly_dataset_11,2006-04-30,2370.0
m4_weekly_dataset_11,2006-05-07,2389.99
m4_weekly_dataset_11,2006-05-14,2309.98
m4_weekly_dataset_11,2006-05-21,2530.01
m4_weekly_dataset_11,2006-05-28,2250.01
m4_weekly_dataset_11,2006-06-04,2240.01
m4_weekly_dataset_11,2006-06-11,2290.01
m4_weekly_dataset_11,2006-06-18,2240.0
m4_weekly_dataset_11,2006-06-25,2149.99
m4_weekly_dataset_11,2006-07-02,2130.0
m4_weekly_dataset_11,2006-07-09,2200.02
m4_weekly_dataset_11,2006-07-16,2186.59
m4_weekly_dataset_11,2006-07-23,2206.59
m4_weekly_dataset_11,2006-07-30,2124.99
m4_weekly_dataset_11,2006-08-06,2165.01
m4_weekly_dataset_11,2006-08-13,2245.3
m4_weekly_dataset_11,2006-08-20,2180.0
m4_weekly_dataset_11,2006-08-27,2184.99
m4_weekly_dataset_11,2006-09-03,2055.0
m4_weekly_dataset_11,2006-09-10,2110.0
m4_weekly_dataset_11,2006-09-17,2200.02
m4_weekly_dataset_11,2006-09-24,2109.99
m4_weekly_dataset_11,2006-10-01,2069.98
m4_weekly_dataset_11,2006-10-08,2235.01
m4_weekly_dataset_11,2006-10-15,2324.99
m4_weekly_dataset_11,2006-10-22,2359.99
m4_weekly_dataset_11,2006-10-29,2335.01
m4_weekly_dataset_11,2006-11-05,2320.0
m4_weekly_dataset_11,2006-11-12,2599.99
m4_weekly_dataset_11,2006-11-19,2560.01
m4_weekly_dataset_11,2006-11-26,2529.99
m4_weekly_dataset_11,2006-12-03,2425.01
m4_weekly_dataset_11,2006-12-10,2595.0
m4_weekly_dataset_11,2006-12-17,2580.01
m4_weekly_dataset_11,2006-12-24,2550.02
m4_weekly_dataset_11,2006-12-31,2475.01
m4_weekly_dataset_11,2007-01-07,2460.0
m4_weekly_dataset_11,2007-01-14,2590.0
m4_weekly_dataset_11,2007-01-21,2539.99
m4_weekly_dataset_11,2007-01-28,2525.01
m4_weekly_dataset_11,2007-02-04,2530.0
m4_weekly_dataset_11,2007-02-11,2625.01
m4_weekly_dataset_11,2007-02-18,2589.99
m4_weekly_dataset_11,2007-02-25,2554.98
m4_weekly_dataset_11,2007-03-04,2445.0
m4_weekly_dataset_11,2007-03-11,2529.99
m4_weekly_dataset_11,2007-03-18,2680.01
m4_weekly_dataset_11,2007-03-25,2645.01
m4_weekly_dataset_11,2007-04-01,2580.0
m4_weekly_dataset_11,2007-04-08,2625.0
m4_weekly_dataset_11,2007-04-15,2699.98
m4_weekly_dataset_11,2007-04-22,2735.02
m4_weekly_dataset_11,2007-04-29,2820.01
m4_weekly_dataset_11,2007-05-06,2760.0
m4_weekly_dataset_11,2007-05-13,2834.98
m4_weekly_dataset_11,2007-05-20,2700.01
m4_weekly_dataset_11,2007-05-27,2590.0
m4_weekly_dataset_11,2007-06-03,2650.01
m4_weekly_dataset_11,2007-06-10,2794.99
m4_weekly_dataset_11,2007-06-17,2729.99
m4_weekly_dataset_11,2007-06-24,2775.0
m4_weekly_dataset_11,2007-07-01,2755.01
m4_weekly_dataset_11,2007-07-08,2765.0
m4_weekly_dataset_11,2007-07-15,2845.01
m4_weekly_dataset_11,2007-07-22,2750.0
m4_weekly_dataset_11,2007-07-29,2725.0
m4_weekly_dataset_11,2007-08-05,2765.0
m4_weekly_dataset_11,2007-08-12,2910.0
m4_weekly_dataset_11,2007-08-19,2759.99
m4_weekly_dataset_11,2007-08-26,2749.99
m4_weekly_dataset_11,2007-09-02,2704.99
m4_weekly_dataset_11,2007-09-09,2819.99
m4_weekly_dataset_11,2007-09-16,2805.0
m4_weekly_dataset_11,2007-09-23,2730.0
m4_weekly_dataset_11,2007-09-30,2675.0
m4_weekly_dataset_11,2007-10-07,2725.03
m4_weekly_dataset_11,2007-10-14,2710.01
m4_weekly_dataset_11,2007-10-21,2815.01
m4_weekly_dataset_11,2007-10-28,2790.01
m4_weekly_dataset_11,2007-11-04,2835.01
m4_weekly_dataset_11,2007-11-11,3099.99
m4_weekly_dataset_11,2007-11-18,3080.01
m4_weekly_dataset_11,2007-11-25,3075.0
m4_weekly_dataset_11,2007-12-02,2985.01
m4_weekly_dataset_11,2007-12-09,3085.02
m4_weekly_dataset_11,2007-12-16,3170.01
m4_weekly_dataset_11,2007-12-23,3139.99
m4_weekly_dataset_11,2007-12-30,3080.0
m4_weekly_dataset_11,2008-01-06,3030.01
m4_weekly_dataset_11,2008-01-13,3100.02
m4_weekly_dataset_11,2008-01-20,2930.02
m4_weekly_dataset_11,2008-01-27,2944.99
m4_weekly_dataset_11,2008-02-03,2795.01
m4_weekly_dataset_11,2008-02-10,2874.99
m4_weekly_dataset_11,2008-02-17,2935.0
m4_weekly_dataset_11,2008-02-24,2880.0
m4_weekly_dataset_11,2008-03-02,2809.99
m4_weekly_dataset_11,2008-03-09,2960.0
m4_weekly_dataset_11,2008-03-16,3014.66
m4_weekly_dataset_11,2008-03-23,2940.0
m4_weekly_dataset_11,2008-03-30,2950.0
m4_weekly_dataset_11,2008-04-06,2935.0
m4_weekly_dataset_11,2008-04-13,3110.0
m4_weekly_dataset_11,2008-04-20,3064.99
m4_weekly_dataset_11,2008-04-27,3335.0
m4_weekly_dataset_11,2008-05-04,3085.0
m4_weekly_dataset_11,2008-05-11,3140.02
m4_weekly_dataset_11,2008-05-18,3150.01
m4_weekly_dataset_11,2008-05-25,3160.0
m4_weekly_dataset_11,2008-06-01,3089.98
m4_weekly_dataset_11,2008-06-08,3240.0
m4_weekly_dataset_11,2008-06-15,3160.0
m4_weekly_dataset_11,2008-06-22,2900.0
m4_weekly_dataset_11,2008-06-29,2934.99
m4_weekly_dataset_11,2008-07-06,2950.01
m4_weekly_dataset_11,2008-07-13,3080.01
m4_weekly_dataset_11,2008-07-20,3014.99
m4_weekly_dataset_11,2008-07-27,2980.0
m4_weekly_dataset_11,2008-08-03,2905.01
m4_weekly_dataset_11,2008-08-10,2980.01
m4_weekly_dataset_11,2008-08-17,2840.0
m4_weekly_dataset_11,2008-08-24,2799.99
m4_weekly_dataset_11,2008-08-31,2885.01
m4_weekly_dataset_11,2008-09-07,2979.98
m4_weekly_dataset_11,2008-09-14,2910.0
m4_weekly_dataset_11,2008-09-21,2860.0
m4_weekly_dataset_11,2008-09-28,2840.0
m4_weekly_dataset_11,2008-10-05,2829.99
m4_weekly_dataset_11,2008-10-12,2915.01
m4_weekly_dataset_11,2008-10-19,2905.0
m4_weekly_dataset_11,2008-10-26,2860.0
m4_weekly_dataset_11,2008-11-02,2920.02
m4_weekly_dataset_11,2008-11-09,3159.99
m4_weekly_dataset_11,2008-11-16,3285.0
m4_weekly_dataset_11,2008-11-23,3260.0
m4_weekly_dataset_11,2008-11-30,3215.0
m4_weekly_dataset_11,2008-12-07,3350.01
m4_weekly_dataset_11,2008-12-14,3380.01
m4_weekly_dataset_11,2008-12-21,3239.99
m4_weekly_dataset_11,2008-12-28,3180.0
m4_weekly_dataset_11,2009-01-04,3110.02
m4_weekly_dataset_11,2009-01-11,3175.0
m4_weekly_dataset_11,2009-01-18,3105.0
m4_weekly_dataset_11,2009-01-25,3069.99
m4_weekly_dataset_11,2009-02-01,3004.99
m4_weekly_dataset_11,2009-02-08,3109.97
m4_weekly_dataset_11,2009-02-15,3130.01
m4_weekly_dataset_11,2009-02-22,3119.99
m4_weekly_dataset_11,2009-03-01,3080.02
m4_weekly_dataset_11,2009-03-08,3185.0
m4_weekly_dataset_11,2009-03-15,3140.0
m4_weekly_dataset_11,2009-03-22,3070.0
m4_weekly_dataset_11,2009-03-29,3030.03
m4_weekly_dataset_11,2009-04-05,3039.99
m4_weekly_dataset_11,2009-04-12,3215.01
m4_weekly_dataset_11,2009-04-19,3079.99
m4_weekly_dataset_11,2009-04-26,3290.0
m4_weekly_dataset_11,2009-05-03,3200.01
m4_weekly_dataset_11,2009-05-10,3214.98
m4_weekly_dataset_11,2009-05-17,3304.52
m4_weekly_dataset_11,2009-05-24,3304.99
m4_weekly_dataset_11,2009-05-31,3105.0
m4_weekly_dataset_11,2009-06-07,3125.0
m4_weekly_dataset_11,2009-06-14,3175.02
m4_weekly_dataset_11,2009-06-21,2925.03
m4_weekly_dataset_11,2009-06-28,2795.0
m4_weekly_dataset_11,2009-07-05,2864.99
m4_weekly_dataset_11,2009-07-12,3015.0
m4_weekly_dataset_11,2009-07-19,2889.99
m4_weekly_dataset_11,2009-07-26,2800.01
m4_weekly_dataset_11,2009-08-02,2715.01
m4_weekly_dataset_11,2009-08-09,2819.99
m4_weekly_dataset_11,2009-08-16,2835.0
m4_weekly_dataset_11,2009-08-23,2915.0
m4_weekly_dataset_11,2009-08-30,2800.01
m4_weekly_dataset_11,2009-09-06,2815.02
m4_weekly_dataset_11,2009-09-13,2885.0
m4_weekly_dataset_11,2009-09-20,2794.99
m4_weekly_dataset_11,2009-09-27,2760.01
m4_weekly_dataset_11,2009-10-04,2810.0
m4_weekly_dataset_11,2009-10-11,2955.03
m4_weekly_dataset_11,2009-10-18,2845.01
m4_weekly_dataset_11,2009-10-25,2790.0
m4_weekly_dataset_11,2009-11-01,2820.0
m4_weekly_dataset_11,2009-11-08,2880.02
m4_weekly_dataset_11,2009-11-15,3134.99
m4_weekly_dataset_11,2009-11-22,2979.99
m4_weekly_dataset_11,2009-11-29,2920.0
m4_weekly_dataset_11,2009-12-06,3014.99
m4_weekly_dataset_11,2009-12-13,3155.01
m4_weekly_dataset_11,2009-12-20,2979.99
m4_weekly_dataset_11,2009-12-27,2925.0
m4_weekly_dataset_11,2010-01-03,3100.01
m4_weekly_dataset_11,2010-01-10,2749.99
m4_weekly_dataset_11,2010-01-17,2099.98
m4_weekly_dataset_11,2010-01-24,2560.01
m4_weekly_dataset_11,2010-01-31,2690.01
m4_weekly_dataset_11,2010-02-07,1550.01
m4_weekly_dataset_11,2010-02-14,1900.0
m4_weekly_dataset_11,2010-02-21,1630.01
m4_weekly_dataset_11,2010-02-28,2180.01
m4_weekly_dataset_11,2010-03-07,1710.0
m4_weekly_dataset_11,2010-03-14,1820.0
m4_weekly_dataset_11,2010-03-21,1700.0
m4_weekly_dataset_11,2010-03-28,1600.03
m4_weekly_dataset_11,2010-04-04,1820.02
m4_weekly_dataset_11,2010-04-11,1690.0
m4_weekly_dataset_11,2010-04-18,1780.01
m4_weekly_dataset_11,2010-04-25,1630.0
m4_weekly_dataset_11,2010-05-02,2185.01
m4_weekly_dataset_11,2010-05-09,3486.08
m4_weekly_dataset_11,2010-05-16,3686.07
m4_weekly_dataset_11,2010-05-23,1284.99
m4_weekly_dataset_11,2010-05-30,1515.0
m4_weekly_dataset_11,2010-06-06,1905.0
m4_weekly_dataset_11,2010-06-13,1755.0
m4_weekly_dataset_11,2010-06-20,1675.01
m4_weekly_dataset_11,2010-06-27,1615.01
m4_weekly_dataset_11,2010-07-04,1875.0
m4_weekly_dataset_11,2010-07-11,1780.01
m4_weekly_dataset_11,2010-07-18,1830.01
m4_weekly_dataset_11,2010-07-25,1784.96
m4_weekly_dataset_11,2010-08-01,2090.32
m4_weekly_dataset_11,2010-08-08,2017.34
m4_weekly_dataset_11,2010-08-15,2161.3
m4_weekly_dataset_11,2010-08-22,1514.2
m4_weekly_dataset_11,2010-08-29,1316.49
m4_weekly_dataset_11,2010-09-05,2045.0
m4_weekly_dataset_11,2010-09-12,1730.0
m4_weekly_dataset_11,2010-09-19,1700.0
m4_weekly_dataset_11,2010-09-26,1500.02
m4_weekly_dataset_11,2010-10-03,1914.99
m4_weekly_dataset_11,2010-10-10,1765.01
m4_weekly_dataset_11,2010-10-17,1700.02
m4_weekly_dataset_11,2010-10-24,1530.0
m4_weekly_dataset_11,2010-10-31,1910.01
m4_weekly_dataset_11,2010-11-07,1880.01
m4_weekly_dataset_11,2010-11-14,2080.01
m4_weekly_dataset_11,2010-11-21,1545.0
m4_weekly_dataset_11,2010-11-28,1750.01
m4_weekly_dataset_11,2010-12-05,1549.98
m4_weekly_dataset_11,2010-12-12,1755.0
m4_weekly_dataset_11,2010-12-19,1659.99
m4_weekly_dataset_11,2010-12-26,1600.0
m4_weekly_dataset_11,2011-01-02,1760.02
m4_weekly_dataset_11,2011-01-09,1510.0
m4_weekly_dataset_11,2011-01-16,1670.01
m4_weekly_dataset_11,2011-01-23,1600.0
m4_weekly_dataset_11,2011-01-30,1765.01
m4_weekly_dataset_11,2011-02-06,1500.01
m4_weekly_dataset_11,2011-02-13,1800.01
m4_weekly_dataset_11,2011-02-20,1899.99
m4_weekly_dataset_11,2011-02-27,2508.82
m4_weekly_dataset_11,2011-03-06,3119.86
m4_weekly_dataset_11,2011-03-13,3059.51
m4_weekly_dataset_11,2011-03-20,3265.65
m4_weekly_dataset_11,2011-03-27,3127.9
m4_weekly_dataset_11,2011-04-03,3351.84
m4_weekly_dataset_11,2011-04-10,3387.2
m4_weekly_dataset_11,2011-04-17,3351.66
m4_weekly_dataset_11,2011-04-24,3402.27
m4_weekly_dataset_11,2011-05-01,2185.6
m4_weekly_dataset_11,2011-05-08,2104.27
m4_weekly_dataset_11,2011-05-15,2244.0
m4_weekly_dataset_11,2011-05-22,2395.92
m4_weekly_dataset_11,2011-05-29,2168.3
m4_weekly_dataset_11,2011-06-05,2045.01
m4_weekly_dataset_11,2011-06-12,2522.25
m4_weekly_dataset_11,2011-06-19,2148.6
m4_weekly_dataset_11,2011-06-26,2077.52
m4_weekly_dataset_11,2011-07-03,1983.83
m4_weekly_dataset_11,2011-07-10,2159.08
m4_weekly_dataset_11,2011-07-17,2384.23
m4_weekly_dataset_11,2011-07-24,2441.47
m4_weekly_dataset_11,2011-07-31,2277.01
m4_weekly_dataset_11,2011-08-07,2260.66
m4_weekly_dataset_11,2011-08-14,2299.8
m4_weekly_dataset_11,2011-08-21,2380.71
m4_weekly_dataset_11,2011-08-28,2376.35
m4_weekly_dataset_11,2011-09-04,2494.11
m4_weekly_dataset_11,2011-09-11,2441.26
m4_weekly_dataset_11,2011-09-18,2331.57
m4_weekly_dataset_11,2011-09-25,2341.97
m4_weekly_dataset_11,2011-10-02,2295.65
m4_weekly_dataset_11,2011-10-09,2213.24
m4_weekly_dataset_11,2011-10-16,2768.14
m4_weekly_dataset_11,2011-10-23,2275.76
m4_weekly_dataset_11,2011-10-30,3020.77
m4_weekly_dataset_11,2011-11-06,3096.21
m4_weekly_dataset_11,2011-11-13,1679.02
m4_weekly_dataset_11,2011-11-20,1059.05
m4_weekly_dataset_11,2011-11-27,1064.06
m4_weekly_dataset_11,2011-12-04,1002.94
m4_weekly_dataset_11,2011-12-11,882.73
m4_weekly_dataset_11,2011-12-18,947.8
m4_weekly_dataset_11,2011-12-25,807.85
m4_weekly_dataset_11,2012-01-01,735.96
m4_weekly_dataset_11,2012-01-08,760.5599999999998
m4_weekly_dataset_11,2012-01-15,775.2999999999998
m4_weekly_dataset_11,2012-01-22,720.86
m4_weekly_dataset_11,2012-01-29,932.85
m4_weekly_dataset_11,2012-02-05,878.0
m4_weekly_dataset_11,2012-02-12,850.0399999999998
m4_weekly_dataset_11,2012-02-19,667.67
m4_weekly_dataset_11,2012-02-26,626.2
m4_weekly_dataset_11,2012-03-04,622.65
m4_weekly_dataset_11,2012-03-11,505.03
m4_weekly_dataset_11,2012-03-18,493.6
m4_weekly_dataset_11,2012-03-25,469.01
m4_weekly_dataset_11,2012-04-01,519.5
m4_weekly_dataset_11,2012-04-08,532.58
m4_weekly_dataset_11,2012-04-15,597.45
m4_weekly_dataset_11,2012-04-22,588.07
m4_weekly_dataset_11,2012-04-29,564.57
m4_weekly_dataset_11,2012-05-06,535.74
m4_weekly_dataset_11,2012-05-13,592.21
m4_weekly_dataset_11,2012-05-20,792.9299999999998
m4_weekly_dataset_11,2012-05-27,546.52
m4_weekly_dataset_11,2012-06-03,607.07
m4_weekly_dataset_11,2012-06-10,586.29
m4_weekly_dataset_11,2012-06-17,640.44
m4_weekly_dataset_11,2012-06-24,564.33
m4_weekly_dataset_11,2012-07-01,766.9199999999998
m4_weekly_dataset_11,2012-07-08,825.37
m4_weekly_dataset_11,2012-07-15,820.23
m4_weekly_dataset_11,2012-07-22,804.5499999999998
m4_weekly_dataset_11,2012-07-29,784.02
m4_weekly_dataset_11,2012-08-05,790.32
m4_weekly_dataset_11,2012-08-12,810.62
m4_weekly_dataset_11,2012-08-19,782.6599999999999
m4_weekly_dataset_11,2012-08-26,715.35
m4_weekly_dataset_11,2012-09-02,705.77
m4_weekly_dataset_11,2012-09-09,702.28
m4_weekly_dataset_11,2012-09-16,755.97
m4_weekly_dataset_11,2012-09-23,903.17
m4_weekly_dataset_11,2012-09-30,995.7
m4_weekly_dataset_11,2012-10-07,1047.52
m4_weekly_dataset_11,2012-10-14,1060.14
m4_weekly_dataset_11,2012-10-21,1177.27
m4_weekly_dataset_11,2012-10-28,1220.39
m4_weekly_dataset_11,2012-11-04,1266.72
m4_weekly_dataset_11,2012-11-11,1515.12
m4_weekly_dataset_11,2012-11-18,1629.12
m4_weekly_dataset_11,2012-11-25,2290.7
m4_weekly_dataset_11,2012-12-02,1956.61
m4_weekly_dataset_11,2012-12-09,2012.86
m4_weekly_dataset_11,2012-12-16,1899.86
m4_weekly_dataset_11,2012-12-23,1548.44
m4_weekly_dataset_11,2012-12-30,1537.47
m4_weekly_dataset_11,2013-01-06,1552.27
m4_weekly_dataset_11,2013-01-13,1503.15
m4_weekly_dataset_11,2013-01-20,1530.6
m4_weekly_dataset_11,2013-01-27,1536.55
m4_weekly_dataset_11,2013-02-03,1515.74
m4_weekly_dataset_11,2013-02-10,1537.71
m4_weekly_dataset_11,2013-02-17,1663.61
m4_weekly_dataset_11,2013-02-24,1970.49
m4_weekly_dataset_11,2013-03-03,1859.84
m4_weekly_dataset_11,2013-03-10,1840.29
m4_weekly_dataset_11,2013-03-17,1834.38
m4_weekly_dataset_11,2013-03-24,1783.5
m4_weekly_dataset_11,2013-03-31,1750.35
m4_weekly_dataset_11,2013-04-07,1860.33
m4_weekly_dataset_11,2013-04-14,1771.03
m4_weekly_dataset_11,2013-04-21,1796.94
m4_weekly_dataset_11,2013-04-28,1972.83
m4_weekly_dataset_11,2013-05-05,1878.14
m4_weekly_dataset_11,2013-05-12,1934.7
m4_weekly_dataset_11,2013-05-19,2278.65
m4_weekly_dataset_11,2013-05-26,1956.91
m4_weekly_dataset_11,2013-06-02,1800.81
m4_weekly_dataset_11,2013-06-09,1769.04
m4_weekly_dataset_11,2013-06-16,1656.03
m4_weekly_dataset_11,2013-06-23,2137.25
m4_weekly_dataset_11,2013-06-30,1567.09
m4_weekly_dataset_11,2013-07-07,1370.15
m4_weekly_dataset_11,2013-07-14,1194.54
m4_weekly_dataset_11,2013-07-21,1244.42
m4_weekly_dataset_11,2013-07-28,1113.31
m4_weekly_dataset_11,2013-08-04,1005.43
m4_weekly_dataset_11,2013-08-11,894.1699999999998
m4_weekly_dataset_11,2013-08-18,1004.39
m4_weekly_dataset_11,2013-08-25,845.33
m4_weekly_dataset_11,2013-09-01,941.34
m4_weekly_dataset_11,2013-09-08,973.72
m4_weekly_dataset_11,2013-09-15,1178.83
m4_weekly_dataset_11,2013-09-22,1275.38
m4_weekly_dataset_11,2013-09-29,1247.54
m4_weekly_dataset_11,2013-10-06,1193.98
m4_weekly_dataset_11,2013-10-13,1161.02
m4_weekly_dataset_11,2013-10-20,1107.62
m4_weekly_dataset_11,2013-10-27,1024.42
m4_weekly_dataset_11,2013-11-03,1355.85
m4_weekly_dataset_11,2013-11-10,1869.42
m4_weekly_dataset_11,2013-11-17,1414.61
m4_weekly_dataset_11,2013-11-24,1200.24
m4_weekly_dataset_11,2013-12-01,1535.97
m4_weekly_dataset_11,2013-12-08,1970.7
m4_weekly_dataset_11,2013-12-15,1642.0
m4_weekly_dataset_11,2013-12-22,1720.21
m4_weekly_dataset_11,2013-12-29,1570.73
m4_weekly_dataset_11,2014-01-05,1476.89
m4_weekly_dataset_11,2014-01-12,1336.74
m4_weekly_dataset_11,2014-01-19,1216.69
m4_weekly_dataset_11,2014-01-26,1154.08
m4_weekly_dataset_11,2014-02-02,1637.68
m4_weekly_dataset_11,2014-02-09,2011.49
m4_weekly_dataset_11,2014-02-16,2083.49
m4_weekly_dataset_11,2014-02-23,1988.81
m4_weekly_dataset_11,2014-03-02,2049.39
m4_weekly_dataset_11,2014-03-09,2011.82
m4_weekly_dataset_11,2014-03-16,1974.38
m4_weekly_dataset_11,2014-03-23,1827.73
m4_weekly_dataset_11,2014-03-30,1947.65
m4_weekly_dataset_11,2014-04-06,2302.64
m4_weekly_dataset_11,2014-04-13,2471.75
m4_weekly_dataset_11,2014-04-20,2654.56
m4_weekly_dataset_11,2014-04-27,2521.0
m4_weekly_dataset_11,2014-05-04,2916.29
m4_weekly_dataset_11,2014-05-11,1690.24
m4_weekly_dataset_11,2014-05-18,1447.55
m4_weekly_dataset_11,2014-05-25,1306.22
m4_weekly_dataset_11,2014-06-01,1108.81
m4_weekly_dataset_11,2014-06-08,1268.77
m4_weekly_dataset_11,2014-06-15,1303.17
m4_weekly_dataset_11,2014-06-22,1155.79
m4_weekly_dataset_11,2014-06-29,1094.62
m4_weekly_dataset_11,2014-07-06,1427.51
m4_weekly_dataset_11,2014-07-13,1664.9
m4_weekly_dataset_11,2014-07-20,294.69
m4_weekly_dataset_11,2014-07-27,175.41
m4_weekly_dataset_11,2014-08-03,421.78
m4_weekly_dataset_11,2014-08-10,595.43
m4_weekly_dataset_11,2014-08-17,610.78
m4_weekly_dataset_11,2014-08-24,626.25
m4_weekly_dataset_11,2014-08-31,553.62
m4_weekly_dataset_11,2014-09-07,517.75
m4_weekly_dataset_11,2014-09-14,463.69
m4_weekly_dataset_11,2014-09-21,344.2
m4_weekly_dataset_11,2014-09-28,392.87
m4_weekly_dataset_11,2014-10-05,429.88
m4_weekly_dataset_11,2014-10-12,378.52
m4_weekly_dataset_11,2014-10-19,511.76
m4_weekly_dataset_11,2014-10-26,1193.7
m4_weekly_dataset_11,2014-11-02,1317.47
m4_weekly_dataset_11,2014-11-09,1672.53
m4_weekly_dataset_11,2014-11-16,1803.78
m4_weekly_dataset_11,2014-11-23,1636.29
m4_weekly_dataset_11,2014-11-30,1637.07
m4_weekly_dataset_11,2014-12-07,1567.52
m4_weekly_dataset_11,2014-12-14,1306.69
m4_weekly_dataset_11,2014-12-21,1327.68
m4_weekly_dataset_11,2014-12-28,1334.26
m4_weekly_dataset_11,2015-01-04,1305.78
m4_weekly_dataset_11,2015-01-11,1312.45
m4_weekly_dataset_11,2015-01-18,1314.84
m4_weekly_dataset_11,2015-01-25,1263.34
m4_weekly_dataset_11,2015-02-01,1303.42
m4_weekly_dataset_11,2015-02-08,1198.38
m4_weekly_dataset_11,2015-02-15,1173.83
m4_weekly_dataset_11,2015-02-22,1028.86
m4_weekly_dataset_11,2015-03-01,897.83
m4_weekly_dataset_11,2015-03-08,918.1300000000001
m4_weekly_dataset_11,2015-03-15,772.9299999999998
m4_weekly_dataset_11,2015-03-22,837.2999999999998
m4_weekly_dataset_11,2015-03-29,794.74
m4_weekly_dataset_11,2015-04-05,752.14
m4_weekly_dataset_11,2015-04-12,754.2799999999999
m4_weekly_dataset_11,2015-04-19,745.8999999999999
m4_weekly_dataset_11,2015-04-26,707.64
m4_weekly_dataset_11,2015-05-03,732.1699999999998
m4_weekly_dataset_11,2015-05-10,726.82
m4_weekly_dataset_11,2015-05-17,896.61
m4_weekly_dataset_11,2015-05-24,810.97
m4_weekly_dataset_11,2015-05-31,777.25
m4_weekly_dataset_11,2015-06-07,1312.42
m4_weekly_dataset_11,2015-06-14,1253.02
m4_weekly_dataset_11,2015-06-21,1241.49
m4_weekly_dataset_11,2015-06-28,1293.08
m4_weekly_dataset_11,2015-07-05,1286.8
m4_weekly_dataset_11,2015-07-12,1321.72
m4_weekly_dataset_11,2015-07-19,1311.16
m4_weekly_dataset_11,2015-07-26,1298.03
m4_weekly_dataset_11,2015-08-02,1273.05
m4_weekly_dataset_11,2015-08-09,1193.75
m4_weekly_dataset_11,2015-08-16,1232.39
m4_weekly_dataset_11,2015-08-23,1248.76
m4_weekly_dataset_11,2015-08-30,1193.47
m4_weekly_dataset_11,2015-09-06,1163.68
m4_weekly_dataset_11,2015-09-13,1104.07
m4_weekly_dataset_11,2015-09-20,1050.11
m4_weekly_dataset_11,2015-09-27,1102.9
m4_weekly_dataset_11,2015-10-04,1038.44
m4_weekly_dataset_11,2015-10-11,1033.99
m4_weekly_dataset_11,2015-10-18,1031.91
m4_weekly_dataset_11,2015-10-25,1030.19
m4_weekly_dataset_11,2015-11-01,1083.32
m4_weekly_dataset_11,2015-11-08,1020.4
m4_weekly_dataset_11,2015-11-15,1173.1
m4_weekly_dataset_11,2015-11-22,1076.96
m4_weekly_dataset_11,2015-11-29,1020.64
m4_weekly_dataset_11,2015-12-06,1044.27
m4_weekly_dataset_11,2015-12-13,1023.02
m4_weekly_dataset_11,2015-12-20,1091.63
m4_weekly_dataset_11,2015-12-27,994.1300000000001
m4_weekly_dataset_11,2016-01-03,975.61
m4_weekly_dataset_11,2016-01-10,977.29
m4_weekly_dataset_11,2016-01-17,971.2600000000001
m4_weekly_dataset_11,2016-01-24,956.21
m4_weekly_dataset_11,2016-01-31,971.7
m4_weekly_dataset_11,2016-02-07,962.49
m4_weekly_dataset_11,2016-02-14,970.27
m4_weekly_dataset_11,2016-02-21,944.66
m4_weekly_dataset_11,2016-02-28,933.66
m4_weekly_dataset_11,2016-03-06,912.34
m4_weekly_dataset_11,2016-03-13,906.05
m4_weekly_dataset_11,2016-03-20,893.19
m4_weekly_dataset_11,2016-03-27,895.24
m4_weekly_dataset_11,2016-04-03,877.44
m4_weekly_dataset_11,2016-04-10,868.8099999999998
m4_weekly_dataset_11,2016-04-17,972.1
m4_weekly_dataset_11,2016-04-24,946.25
m4_weekly_dataset_11,2016-05-01,984.95
m4_weekly_dataset_11,2016-05-08,1189.11
m4_weekly_dataset_11,2016-05-15,1335.85
m4_weekly_dataset_11,2016-05-22,1686.62
m4_weekly_dataset_11,2016-05-29,1124.58
m4_weekly_dataset_11,2016-06-05,947.37
m4_weekly_dataset_11,2016-06-12,1162.81
m4_weekly_dataset_11,2016-06-19,1156.35
m4_weekly_dataset_11,2016-06-26,951.46
m4_weekly_dataset_11,2016-07-03,932.82
m4_weekly_dataset_11,2016-07-10,928.68
m4_weekly_dataset_11,2016-07-17,940.36
m4_weekly_dataset_11,2016-07-24,870.47
m4_weekly_dataset_11,2016-07-31,925.65
m4_weekly_dataset_11,2016-08-07,969.06
m4_weekly_dataset_11,2016-08-14,1213.05
m4_weekly_dataset_11,2016-08-21,1106.43
m4_weekly_dataset_11,2016-08-28,1046.19
m4_weekly_dataset_11,2016-09-04,1121.65
m4_weekly_dataset_11,2016-09-11,1218.16
m4_weekly_dataset_11,2016-09-18,1726.21
m4_weekly_dataset_11,2016-09-25,1291.4
m4_weekly_dataset_11,2016-10-02,1373.02
m4_weekly_dataset_11,2016-10-09,1319.07
m4_weekly_dataset_11,2016-10-16,1740.02
m4_weekly_dataset_11,2016-10-23,1493.51
m4_weekly_dataset_11,2016-10-30,1367.66
m4_weekly_dataset_11,2016-11-06,978.87
m4_weekly_dataset_11,2016-11-13,1150.41
m4_weekly_dataset_11,2016-11-20,971.03
m4_weekly_dataset_11,2016-11-27,941.5
m4_weekly_dataset_11,2016-12-04,999.08
m4_weekly_dataset_11,2016-12-11,978.87
m4_weekly_dataset_11,2016-12-18,1333.04
m4_weekly_dataset_11,2016-12-25,1079.22
m4_weekly_dataset_11,2017-01-01,1082.03
m4_weekly_dataset_11,2017-01-08,1076.12
m4_weekly_dataset_11,2017-01-15,1317.62
m4_weekly_dataset_11,2017-01-22,1111.99
m4_weekly_dataset_11,2017-01-29,1107.02
m4_weekly_dataset_11,2017-02-05,1056.89
m4_weekly_dataset_11,2017-02-12,903.07
m4_weekly_dataset_11,2017-02-19,890.75
m4_weekly_dataset_11,2017-02-26,842.12
m4_weekly_dataset_11,2017-03-05,825.1799999999998
m4_weekly_dataset_11,2017-03-12,929.18
m4_weekly_dataset_11,2017-03-19,1181.52
m4_weekly_dataset_11,2017-03-26,981.89
m4_weekly_dataset_11,2017-04-02,984.21
m4_weekly_dataset_11,2017-04-09,1025.87
m4_weekly_dataset_11,2017-04-16,1143.04
m4_weekly_dataset_11,2017-04-23,980.46
m4_weekly_dataset_11,2017-04-30,1052.21
m4_weekly_dataset_11,2017-05-07,990.27
m4_weekly_dataset_11,2017-05-14,1191.62
m4_weekly_dataset_11,2017-05-21,1561.29
m4_weekly_dataset_11,2017-05-28,1123.35
m4_weekly_dataset_11,2017-06-04,1139.86
m4_weekly_dataset_11,2017-06-11,1252.56
m4_weekly_dataset_11,2017-06-18,1638.21
m4_weekly_dataset_11,2017-06-25,1517.68
m4_weekly_dataset_11,2017-07-02,1045.38
m4_weekly_dataset_11,2017-07-09,1221.14
m4_weekly_dataset_11,2017-07-16,1653.52
m4_weekly_dataset_11,2017-07-23,1478.53
m4_weekly_dataset_11,2017-07-30,1418.39
m4_weekly_dataset_11,2017-08-06,1424.01
m4_weekly_dataset_11,2017-08-13,1205.08
m4_weekly_dataset_11,2017-08-20,1035.87
m4_weekly_dataset_11,2017-08-27,1082.57
m4_weekly_dataset_11,2017-09-03,965.59
m4_weekly_dataset_11,2017-09-10,957.37
m4_weekly_dataset_11,2017-09-17,1084.85
m4_weekly_dataset_11,2017-09-24,952.33
m4_weekly_dataset_11,2017-10-01,906.22
m4_weekly_dataset_11,2017-10-08,883.98
m4_weekly_dataset_11,2017-10-15,1001.04
m4_weekly_dataset_11,2017-10-22,925.19
m4_weekly_dataset_11,2017-10-29,903.93
m4_weekly_dataset_11,2017-11-05,896.58
m4_weekly_dataset_11,2017-11-12,882.34
m4_weekly_dataset_11,2017-11-19,764.12
m4_weekly_dataset_11,2017-11-26,744.63
m4_weekly_dataset_11,2017-12-03,755.37
m4_weekly_dataset_11,2017-12-10,751.5
m4_weekly_dataset_11,2017-12-17,799.73
m4_weekly_dataset_11,2017-12-24,710.07
m4_weekly_dataset_11,2017-12-31,696.74
m4_weekly_dataset_11,2018-01-07,695.63
m4_weekly_dataset_11,2018-01-14,700.8
m4_weekly_dataset_11,2018-01-21,710.4
m4_weekly_dataset_11,2018-01-28,709.09
m4_weekly_dataset_11,2018-02-04,706.65
m4_weekly_dataset_11,2018-02-11,710.77
m4_weekly_dataset_11,2018-02-18,725.51
m4_weekly_dataset_11,2018-02-25,705.56
m4_weekly_dataset_11,2018-03-04,695.2
m4_weekly_dataset_11,2018-03-11,659.08
m4_weekly_dataset_11,2018-03-18,684.51
m4_weekly_dataset_11,2018-03-25,614.68
m4_weekly_dataset_11,2018-04-01,625.32
m4_weekly_dataset_11,2018-04-08,605.27
m4_weekly_dataset_11,2018-04-15,737.74
m4_weekly_dataset_11,2018-04-22,698.15
m4_weekly_dataset_11,2018-04-29,690.94
m4_weekly_dataset_11,2018-05-06,685.7
m4_weekly_dataset_11,2018-05-13,729.08
m4_weekly_dataset_11,2018-05-20,889.7799999999999
m4_weekly_dataset_11,2018-05-27,706.32
m4_weekly_dataset_11,2018-06-03,657.42
m4_weekly_dataset_11,2018-06-10,651.97
m4_weekly_dataset_11,2018-06-17,689.64
m4_weekly_dataset_11,2018-06-24,612.27
m4_weekly_dataset_11,2018-07-01,602.0
m4_weekly_dataset_11,2018-07-08,617.98
m4_weekly_dataset_11,2018-07-15,657.55
m4_weekly_dataset_11,2018-07-22,612.91
m4_weekly_dataset_11,2018-07-29,608.08
m4_weekly_dataset_11,2018-08-05,596.75
m4_weekly_dataset_11,2018-08-12,605.74
m4_weekly_dataset_11,2018-08-19,623.19
m4_weekly_dataset_11,2018-08-26,560.13
m4_weekly_dataset_11,2018-09-02,557.08
m4_weekly_dataset_11,2018-09-09,540.19
m4_weekly_dataset_11,2018-09-16,562.56
m4_weekly_dataset_11,2018-09-23,535.49
m4_weekly_dataset_11,2018-09-30,514.4
m4_weekly_dataset_11,2018-10-07,499.47
m4_weekly_dataset_11,2018-10-14,602.03
m4_weekly_dataset_11,2018-10-21,519.05
m4_weekly_dataset_11,2018-10-28,508.48
m4_weekly_dataset_11,2018-11-04,491.4
m4_weekly_dataset_11,2018-11-11,498.83
m4_weekly_dataset_11,2018-11-18,530.54
m4_weekly_dataset_11,2018-11-25,440.89
m4_weekly_dataset_11,2018-12-02,424.67
m4_weekly_dataset_11,2018-12-09,435.69
m4_weekly_dataset_11,2018-12-16,495.93
m4_weekly_dataset_11,2018-12-23,429.89
m4_weekly_dataset_11,2018-12-30,416.21
m4_weekly_dataset_11,2019-01-06,416.52
m4_weekly_dataset_11,2019-01-13,427.78
m4_weekly_dataset_11,2019-01-20,437.81
m4_weekly_dataset_11,2019-01-27,417.77
m4_weekly_dataset_11,2019-02-03,415.81
m4_weekly_dataset_11,2019-02-10,431.78
m4_weekly_dataset_11,2019-02-17,387.4
m4_weekly_dataset_11,2019-02-24,343.68
m4_weekly_dataset_11,2019-03-03,328.86
m4_weekly_dataset_11,2019-03-10,334.28
m4_weekly_dataset_11,2019-03-17,360.27
m4_weekly_dataset_11,2019-03-24,327.28
m4_weekly_dataset_11,2019-03-31,314.49
m4_weekly_dataset_11,2019-04-07,326.39
m4_weekly_dataset_11,2019-04-14,337.19
m4_weekly_dataset_11,2019-04-21,359.52
m4_weekly_dataset_11,2019-04-28,357.62
m4_weekly_dataset_11,2019-05-05,368.22
m4_weekly_dataset_11,2019-05-12,328.77
m4_weekly_dataset_11,2019-05-19,391.31
m4_weekly_dataset_11,2019-05-26,340.06
m4_weekly_dataset_11,2019-06-02,323.19
m4_weekly_dataset_11,2019-06-09,323.3
m4_weekly_dataset_11,2019-06-16,339.94
m4_weekly_dataset_11,2019-06-23,316.45
m4_weekly_dataset_11,2019-06-30,295.99
m4_weekly_dataset_11,2019-07-07,280.07
